{
  "parent": {
    "X": 23799.0,
    "Y": -14011.0,
    "Z": -64257.0
  },
  "firstResult": {
    "clientAbs": {
      "X": 23799.572265625,
      "Y": -14010.974609375,
      "Z": -64256.25
    },
    "clientRel": {
      "X": 0.572265625,
      "Y": 0.025390625,
      "Z": 0.75
    },
    "calculatedRel": {
      "X": 0.54807237296743549,
      "Y": 0.0,
      "Z": 0.76799018482650172
    }
  },
  "lastResult": {
    "clientAbs": {
      "X": 23782.201171875,
      "Y": -14013.0947265625,
      "Z": -64257.26953125
    },
    "clientRel": {
      "X": -16.798828125,
      "Y": -2.0947265625,
      "Z": -0.26953125
    },
    "calculatedRel": {
      "X": 16.808647328460296,
      
      "Y": 0.0,
      "Z": -2.0267755542843209
    }
  }
}